shipmentRef,status,shipperName,carrierName,pickupDate,price,shipperSubtotal,carrierSubtotal,truxwebSubtotal,carrierReferenceNumber,carrierTotalPaid,carrierLastTransactionExtId,shipperReferenceNumber,carrierPaymentDate,dateCreated
"TRUX-HPC1B1-101488","Pickup Ready","Hart Print Canada","TransPlus","Mon Apr 21 2025 04:00:00 GMT+0000 (Coordinated Universal Time)","$469.04","$415.08","$381.38","$33.70","V2255414","$0.00",,"MTLP2406498",,"2025-04-21"
"TRUX-OCQ1Y2-100002","Pickup Ready","Oriental Canada équipement","JPS Logistique Inc (3PL)","Mon Apr 21 2025 16:00:00 GMT+0000 (Coordinated Universal Time)","$1,142.41","$996.89","$845.00","$151.89","PB225673","$0.00",,"7X4FENCE",,"2025-04-21"
"TRUX-HPC1B1-101487","Pickup Ready","Hart Print Canada","Transkid","Mon Apr 21 2025 04:00:00 GMT+0000 (Coordinated Universal Time)","$104.00","$90.46","$78.00","$12.46",,"$0.00",,"MTLP2406570",,"2025-04-21"
"TRUX-HPC1B1-101486","Pickup Ready","Hart Print Canada","Transport Inter-Nord","Mon Apr 21 2025 04:00:00 GMT+0000 (Coordinated Universal Time)","$134.06","$116.60","$102.43","$14.17",,"$0.00",,"MTLP2407003",,"2025-04-21"
"TRUX-HPC1B1-101485","Pickup Ready","Hart Print Canada","Transkid","Mon Apr 21 2025 04:00:00 GMT+0000 (Coordinated Universal Time)","$170.44","$148.24","$132.00","$16.24","571283","$0.00",,"MTLP2406707",,"2025-04-21"
"TRUX-HPC1B1-101484","Pickup Ready","Hart Print Canada","Transport Inter-Nord","Mon Apr 21 2025 04:00:00 GMT+0000 (Coordinated Universal Time)","$80.69","$70.18","$59.05","$11.13",,"$0.00",,"MTLP2406489",,"2025-04-21"
"TRUX-HPC1B1-101483","In Transit","Hart Print Canada","Transkid","Mon Apr 21 2025 04:00:00 GMT+0000 (Coordinated Universal Time)","$68.33","$59.43","$49.00","$10.43","571281","$0.00",,"MTLP2406880",,"2025-04-21"
"TRUX-HPC1B1-101482","Pickup Ready","Hart Print Canada","Transport Inter-Nord","Mon Apr 21 2025 04:00:00 GMT+0000 (Coordinated Universal Time)","$419.19","$364.59","$334.20","$30.39",,"$0.00",,"MTLP2405877 MTLP2406031",,"2025-04-21"
"TRUX-HPC1B1-101481","Pickup Ready","Hart Print Canada","JPS Logistique Inc (3PL)","Mon Apr 21 2025 04:00:00 GMT+0000 (Coordinated Universal Time)","$141.79","$125.47","$110.72","$14.75",,"$0.00",,"MTLP2406349",,"2025-04-21"
"TRUX-HPC1B1-101480","Pickup Ready","Hart Print Canada","TransPlus","Mon Apr 21 2025 04:00:00 GMT+0000 (Coordinated Universal Time)","$262.88","$232.64","$210.88","$21.76","V2255376","$0.00",,"MTLP2403404",,"2025-04-21"
"TRUX-I301Y3-100007","Pickup Ready","Ilo 307","Labranche Transport","Mon Apr 21 2025 04:00:00 GMT+0000 (Coordinated Universal Time)","$99.17","$86.25","$76.25","$10.00","GRA1925975","$0.00",,,,"2025-04-21"
"TRUX-I301Y3-100006","Pickup Ready","Ilo 307","Morneau","Mon Apr 21 2025 04:00:00 GMT+0000 (Coordinated Universal Time)","$223.34","$197.65","$187.65","$10.00","A11581644","$0.00",,,,"2025-04-21"
"TRUX-APA1X7-100208","Pickup Ready","A.P.A","Transport Inter-Nord","Mon Apr 21 2025 04:00:00 GMT+0000 (Coordinated Universal Time)","$188.01","$163.53","$139.06","$24.47",,"$0.00",,,,"2025-04-21"
"TRUX-DDS2J4-100775","Pickup Ready","Doyon Després","Guilbault Transport","Tue Apr 22 2025 04:00:00 GMT+0000 (Coordinated Universal Time)","$342.75","$298.10","$245.00","$53.10","GU0712270","$0.00",,"2156133",,"2025-04-18"
"TRUX-DDS2J4-100774","Pickup Ready","Doyon Després","Guilbault Transport","Tue Apr 22 2025 04:00:00 GMT+0000 (Coordinated Universal Time)","$337.96","$293.95","$251.26","$42.69","GU0712264","$0.00",,"1471037",,"2025-04-18"
"TRUX-NET3A7-100040","Pickup Ready","Netpak","TransPlus","Tue Apr 22 2025 04:00:00 GMT+0000 (Coordinated Universal Time)","$377.84","$328.63","$239.54","$89.09",,"$0.00",,"SR# 53592 - PO 8114 ",,"2025-04-18"
"TRUX-NET3A7-100039","Pickup Ready","Netpak","Friends Enterprises","Tue Apr 22 2025 04:00:00 GMT+0000 (Coordinated Universal Time)","$1,422.67","$1,259.00","$1,250.00","$9.00",,"$0.00",,"SNACKRUPTORS INC SR#53567",,"2025-04-18"
"TRUX-SEM4P2-100016","Pickup Ready","Semican International","RPM Transit","Tue Apr 22 2025 04:00:00 GMT+0000 (Coordinated Universal Time)","$1,108.77","$1,108.77","$1,108.77","$0.00",,"$0.00",,"CV251490-MEADER SUPPLY CROP ",,"2025-04-18"
"TRUX-SEM4P2-100015","Pickup Ready","Semican International","Vantage Logistics","Thu Apr 24 2025 04:00:00 GMT+0000 (Coordinated Universal Time)","$2,075.00","$2,075.00","$2,075.00","$0.00",,"$0.00",,"CV251480-CV251481-RAY SCHNITTKER",,"2025-04-18"
"TRUX-IAR1A8-100027","In Transit","Iris + Arlo","Vantage Logistics","Thu Apr 17 2025 04:00:00 GMT+0000 (Coordinated Universal Time)","$722.14","$640.89","$625.00","$15.89","VLLM4944","$0.00",," PO: 005710307425",,"2025-04-17"
"TRUX-DDS2J4-100773","Pickup Ready","Doyon Després","JPS Logistique Inc (3PL)","Mon Apr 21 2025 04:00:00 GMT+0000 (Coordinated Universal Time)","$498.70","$498.70","$415.00","$83.70","PB225648 - C1358407","$0.00",,"PO 134044",,"2025-04-17"
"TRUX-DDS2J4-100772","Pickup Ready","Doyon Després","Guilbault Transport","Wed Apr 23 2025 04:00:00 GMT+0000 (Coordinated Universal Time)","$807.77","$702.56","$587.76","$114.80","GU0711461","$0.00",,"PO 134375",,"2025-04-17"
"TRUX-DDS2J4-100771","Pickup Ready","Doyon Després","JPS Logistique Inc (3PL)","Tue Apr 22 2025 04:00:00 GMT+0000 (Coordinated Universal Time)","$898.99","$781.90","$655.00","$126.90",,"$0.00",,"PO 133490",,"2025-04-17"
"TRUX-WIN3N7-100052","Pickup Ready","WOOKI INC.","JPS Logistique Inc (3PL)","Mon Apr 21 2025 04:00:00 GMT+0000 (Coordinated Universal Time)","$257.77","$224.20","$190.00","$34.20",,"$0.00",,"GOLAMEN40",,"2025-04-17"
"TRUX-TPT1N8-100175","Pickup Ready","TGWT Clean Technologies / Technologies Propres TGWT","JPS Logistique Inc (3PL)","Thu Apr 24 2025 04:00:00 GMT+0000 (Coordinated Universal Time)","$400.26","$381.20","$330.00","$51.20",,"$0.00",,"SO/637042",,"2025-04-17"
"TRUX-TPT1N8-100174","Pickup Ready","TGWT Clean Technologies / Technologies Propres TGWT","JPS Logistique Inc (3PL)","Thu Apr 24 2025 04:00:00 GMT+0000 (Coordinated Universal Time)","$358.37","$341.30","$295.00","$46.30",,"$0.00",,"SO/637040",,"2025-04-17"
"TRUX-DCO2B0-100041","Pickup Ready","Deflex Composite","Transkid","Tue Apr 22 2025 04:00:00 GMT+0000 (Coordinated Universal Time)","$127.44","$110.85","$80.85","$30.00",,"$0.00",,"PO 12744",,"2025-04-17"
"TRUX-HPC1B1-101479","Pickup Ready","Hart Print Canada","Transkid","Thu Apr 17 2025 04:00:00 GMT+0000 (Coordinated Universal Time)","$849.89","$739.19","$684.29","$54.90","571118","$0.00",,"MTLP2406525",,"2025-04-17"
"TRUX-HPC1B1-101478","In Transit","Hart Print Canada","JPS Logistique Inc (3PL)","Thu Apr 17 2025 04:00:00 GMT+0000 (Coordinated Universal Time)","$2,253.72","$1,959.75","$1,825.00","$134.75","PB225542","$0.00",,"MTLP2405915 & MTLP2405917",,"2025-04-17"
"TRUX-JMC1B7-101513","In Transit","J.M. Clément Ltée","JPS Logistique Inc (3PL)","Mon Apr 21 2025 04:00:00 GMT+0000 (Coordinated Universal Time)","$584.16","$509.75","$395.00","$114.75","PB225614-86071459","$0.00",,"KIDCENTRAL/5PAL/290679/ETC",,"2025-04-17"
"TRUX-JMC1B7-101512","In Transit","J.M. Clément Ltée","Guilbault Transport","Thu Apr 17 2025 04:00:00 GMT+0000 (Coordinated Universal Time)","$373.84","$326.22","$248.35","$77.87","GU0710254","$0.00",,"012 3 pal 90 btes",,"2025-04-17"
"TRUX-WIN3N7-100051","Pickup Ready","WOOKI INC.","JPS Logistique Inc (3PL)","Mon Apr 21 2025 04:00:00 GMT+0000 (Coordinated Universal Time)","$379.88","$330.40","$280.00","$50.40",,"$0.00",,"RP40",,"2025-04-17"
"TRUX-HPC1B1-101477","In Transit","Hart Print Canada","Morneau","Thu Apr 17 2025 04:00:00 GMT+0000 (Coordinated Universal Time)","$433.93","$384.01","$352.35","$31.66","A11578878","$0.00",,"MTLP2405310",,"2025-04-17"
"TRUX-HPC1B1-101476","Pickup Ready","Hart Print Canada","Transport Inter-Nord","Thu Apr 17 2025 04:00:00 GMT+0000 (Coordinated Universal Time)","$165.01","$143.51","$127.58","$15.93",,"$0.00",,"MTLP2405929",,"2025-04-17"
"TRUX-HPC1B1-101475","Pickup Ready","Hart Print Canada","Transkid","Thu Apr 17 2025 04:00:00 GMT+0000 (Coordinated Universal Time)","$208.60","$181.43","$163.02","$18.41","571008","$0.00",,"MTLP2405598  MTLP2406141",,"2025-04-17"
"TRUX-JMC1B7-101511","Awaiting Carrier Invoice","J.M. Clément Ltée","Labranche Transport","Tue Apr 22 2025 04:00:00 GMT+0000 (Coordinated Universal Time)","$419.23","$365.83","$280.00","$85.83",,"$0.00",,"DÉFIPOLYTECK/MAIGHAN/5PAL/289441",,"2025-04-17"
"TRUX-HPC1B1-101474","Pickup Ready","Hart Print Canada","Transport Inter-Nord","Thu Apr 17 2025 04:00:00 GMT+0000 (Coordinated Universal Time)","$162.06","$140.95","$125.19","$15.76",,"$0.00",,"MTLP2406515",,"2025-04-17"
"TRUX-HPC1B1-101473","Pickup Ready","Hart Print Canada","Transkid","Thu Apr 17 2025 04:00:00 GMT+0000 (Coordinated Universal Time)","$463.13","$402.81","$369.92","$32.89","570987","$0.00",,"MTLP2406503",,"2025-04-17"
"TRUX-HPC1B1-101472","Pickup Ready","Hart Print Canada","Transport Inter-Nord","Thu Apr 17 2025 04:00:00 GMT+0000 (Coordinated Universal Time)","$100.71","$87.60","$75.33","$12.27",,"$0.00",,"MTLP2401727",,"2025-04-17"
"TRUX-DCO2B0-100040","Pickup Ready","Deflex Composite","Guilbault Transport","Tue Apr 22 2025 04:00:00 GMT+0000 (Coordinated Universal Time)","$181.79","$158.11","$128.11","$30.00","GU0709961","$0.00",,"PO 12717",,"2025-04-17"
"TRUX-DDS2J4-100770","Pickup Ready","Doyon Després","CSA Transportation","Mon Apr 21 2025 04:00:00 GMT+0000 (Coordinated Universal Time)","$78.19","$68.00","$50.00","$18.00","C1357910","$0.00",,"PO 133953",,"2025-04-17"
"TRUX-HPC1B1-101471","In Transit","Hart Print Canada","Guilbault Transport","Thu Apr 17 2025 04:00:00 GMT+0000 (Coordinated Universal Time)","$126.90","$112.31","$98.42","$13.89","GU0709915","$0.00",,"MTLP2406379",,"2025-04-17"
"TRUX-JMC1B7-101510","In Transit","J.M. Clément Ltée","Labranche Transport","Thu Apr 17 2025 08:00:00 GMT+0000 (Coordinated Universal Time)","$191.18","$166.83","$121.00","$45.83","VIC1925274","$0.00",,"CLÉMENT029/ÉCOLELEBOISÉ/1PALETTE",,"2025-04-17"
"TRUX-IAR1A8-100025","In Transit","Iris + Arlo","Transkid","Thu Apr 17 2025 04:00:00 GMT+0000 (Coordinated Universal Time)","$208.78","$182.19","$148.00","$34.19","570927","$0.00",,,,"2025-04-17"
"TRUX-SEM4P2-100013","In Transit","Semican International","JPS Logistique Inc (3PL)","Thu Apr 17 2025 04:00:00 GMT+0000 (Coordinated Universal Time)","$1,925.00","$1,925.00","$1,925.00","$0.00","PB225433","$0.00",,"CV251467-DODGE GRAIN COMPANY ",,"2025-04-16"
"TRUX-CKO1T6-100010","Awaiting Carrier Invoice","Club Kombucha","Labranche Transport","Thu Apr 17 2025 04:00:00 GMT+0000 (Coordinated Universal Time)","$152.35","$132.95","$104.00","$28.95","MTLE1925164","$0.00",,,,"2025-04-16"
"TRUX-DDS2J4-100769","In Transit","Doyon Després","Guilbault Transport","Wed Apr 16 2025 04:00:00 GMT+0000 (Coordinated Universal Time)","$142.12","$123.61","$97.13","$26.48","GU0708519","$0.00",,"2156200/2154670",,"2025-04-16"
"TRUX-DDS2J4-100768","Pickup Ready","Doyon Després","CSA Transportation","Tue Apr 22 2025 04:00:00 GMT+0000 (Coordinated Universal Time)","$146.02","$127.00","$100.00","$27.00","C1357688","$0.00",,"1460005",,"2025-04-16"
"TRUX-JMC1B7-101509","Delivered","J.M. Clément Ltée","Morneau","Thu Apr 17 2025 04:00:00 GMT+0000 (Coordinated Universal Time)","$418.44","$365.14","$279.45","$85.69","A11576685","$0.00",,"QUIK/LANELOGISTICS/2PAL/283903",,"2025-04-16"
"TRUX-HPC1B1-101470","Delivered","Hart Print Canada","Transport Inter-Nord","Wed Apr 16 2025 04:00:00 GMT+0000 (Coordinated Universal Time)","$115.67","$100.60","$87.48","$13.12",,"$0.00",,"MTLP2407176 MTLP2407176",,"2025-04-16"
"TRUX-TSH0W8-100040","In Transit","BFF Manufacturing","Minimax Express","Thu Apr 17 2025 04:00:00 GMT+0000 (Coordinated Universal Time)","$271.90","$240.62","$235.62","$5.00","2851731","$0.00",,"NATPET2",,"2025-04-16"
"TRUX-JMC1B7-101508","Delivered","J.M. Clément Ltée","Guilbault Transport","Wed Apr 16 2025 04:00:00 GMT+0000 (Coordinated Universal Time)","$518.19","$452.18","$349.00","$103.18","GU0707930","$0.00",,"2 PAL 58 BTES clement sept-iles",,"2025-04-16"
"TRUX-JMC1B7-101507","Pickup Ready","J.M. Clément Ltée","Guilbault Transport","Fri Apr 18 2025 04:00:00 GMT+0000 (Coordinated Universal Time)","$383.52","$334.66","$255.10","$79.56","GU0707896","$0.00",,"BAIECOMEAU035/1PALETTE/VERS 030",,"2025-04-16"
"TRUX-JMC1B7-101506","Awaiting Carrier Invoice","J.M. Clément Ltée","Guilbault Transport","Wed Apr 16 2025 04:00:00 GMT+0000 (Coordinated Universal Time)","$323.64","$282.41","$213.35","$69.06","GU0707886","$0.00",,"2 PAL 39 BTES clement rivdu loup",,"2025-04-16"
"TRUX-DDS2J4-100767","In Transit","Doyon Després","JPS Logistique Inc (3PL)","Wed Apr 16 2025 04:00:00 GMT+0000 (Coordinated Universal Time)","$130.18","$115.20","$90.00","$25.20","PB225463 - 87374543","$0.00",,"RMA-CN-361259",,"2025-04-16"
"TRUX-JMC1B7-101505","Awaiting Carrier Invoice","J.M. Clément Ltée","Guilbault Transport","Wed Apr 16 2025 04:00:00 GMT+0000 (Coordinated Universal Time)","$373.84","$326.22","$248.35","$77.87","GU0707880","$0.00",,"3 PAL69 BTES clement st-bruno",,"2025-04-16"
"TRUX-JMC1B7-101504","Delivered","J.M. Clément Ltée","Guilbault Transport","Wed Apr 16 2025 04:00:00 GMT+0000 (Coordinated Universal Time)","$466.19","$406.80","$312.74","$94.06","GU0707822","$0.00",,"2 PAL42 BTES clement baie-comeau",,"2025-04-16"
"TRUX-HPC1B1-101468","In Transit","Hart Print Canada","TransPlus","Wed Apr 16 2025 04:00:00 GMT+0000 (Coordinated Universal Time)","$476.59","$421.76","$387.63","$34.13","V2254872","$0.00",,"MTLP2406165",,"2025-04-16"
"TRUX-HPC1B1-101467","Delivered","Hart Print Canada","Transkid","Wed Apr 16 2025 04:00:00 GMT+0000 (Coordinated Universal Time)","$113.85","$99.02","$86.00","$13.02","570675","$0.00",,"MTLP2405969",,"2025-04-16"
"TRUX-HPC1B1-101466","Delivered","Hart Print Canada","Transport Inter-Nord","Wed Apr 16 2025 04:00:00 GMT+0000 (Coordinated Universal Time)","$237.30","$206.39","$186.35","$20.04",,"$0.00",,"MTLP2406949",,"2025-04-16"
"TRUX-HPC1B1-101465","Delivered","Hart Print Canada","Transport Inter-Nord","Wed Apr 16 2025 04:00:00 GMT+0000 (Coordinated Universal Time)","$109.69","$95.40","$82.62","$12.78",,"$0.00",,"MTLP2405823",,"2025-04-16"
"TRUX-HPC1B1-101464","Delivered","Hart Print Canada","Transkid","Wed Apr 16 2025 04:00:00 GMT+0000 (Coordinated Universal Time)","$216.33","$188.15","$169.30","$18.85","570638","$0.00",,"MTLC2407911",,"2025-04-16"
"TRUX-GME1Y1-100097","In Transit","GB Micro Electronics","CSA Transportation","Wed Apr 16 2025 04:00:00 GMT+0000 (Coordinated Universal Time)","$577.16","$577.16","$447.00","$130.16","C1357457","$0.00",,"PO 84186",,"2025-04-16"
"TRUX-SEM4P2-100012","In Transit","Semican International","Vantage Logistics","Wed Apr 16 2025 04:00:00 GMT+0000 (Coordinated Universal Time)","$1,062.00","$1,062.00","$900.00","$162.00",,"$0.00",,"CV251339-KENT NUTRITION-BLUE SEA",,"2025-04-16"
"TRUX-SEM4P2-100011","In Transit","Semican International","Vantage Logistics","Wed Apr 16 2025 04:00:00 GMT+0000 (Coordinated Universal Time)","$750.00","$750.00","$750.00","$0.00",,"$0.00",,"CV251428-AGWAY GREAT ROAD ",,"2025-04-16"
"TRUX-SEM4P2-100010","In Transit","Semican International","Vantage Logistics","Wed Apr 16 2025 04:00:00 GMT+0000 (Coordinated Universal Time)","$1,350.00","$1,350.00","$1,350.00","$0.00",,"$0.00",,"CV251400-TARR FAMILY FARM SUPPPL",,"2025-04-16"
"TRUX-NOV4T7-100017","Pickup Ready","NovEnviro","Labranche Transport","Tue Apr 22 2025 04:00:00 GMT+0000 (Coordinated Universal Time)","$446.40","$389.54","$308.10","$81.44",,"$0.00",,,,"2025-04-15"
"TRUX-JMC1B7-101503","In Transit","J.M. Clément Ltée","Morneau","Wed Apr 16 2025 04:00:00 GMT+0000 (Coordinated Universal Time)","$286.88","$250.33","$187.72","$62.61","A11575648","$0.00",,"1 pal 42 btes po 290684",,"2025-04-15"
"TRUX-ERU3S4-100003","Awaiting Carrier Invoice","Etoffe Rustique","Guilbault Transport","Wed Apr 16 2025 04:00:00 GMT+0000 (Coordinated Universal Time)","$119.58","$104.35","$90.82","$13.53","GU0706363","$0.00",,,,"2025-04-15"
"TRUX-SPR0J5-100389","Delivered","Ship Pro Solutions","Transport Frontiere ","Mon Apr 07 2025 04:00:00 GMT+0000 (Coordinated Universal Time)","$619.50","$619.50","$555.00","$64.50","FR103341","$0.00",,,,"2025-04-15"
"TRUX-SPR0J5-100388","Delivered","Ship Pro Solutions","Transport Frontiere ","Mon Apr 14 2025 04:00:00 GMT+0000 (Coordinated Universal Time)","$295.00","$295.00","$260.00","$35.00","FR103598","$0.00",,,,"2025-04-15"
"TRUX-SPR0J5-100387","Awaiting Carrier Invoice","Ship Pro Solutions","Transport Frontiere ","Tue Apr 08 2025 04:00:00 GMT+0000 (Coordinated Universal Time)","$619.50","$619.50","$555.00","$64.50","FR103468","$0.00",,,,"2025-04-15"
"TRUX-SEM4P2-100009","In Transit","Semican International","Vantage Logistics","Wed Apr 16 2025 04:00:00 GMT+0000 (Coordinated Universal Time)","$1,850.00","$1,850.00","$1,850.00","$0.00",,"$0.00",,"CV251459-THOROBRED",,"2025-04-15"
"TRUX-NET3A7-100037","Pickup Ready","Netpak","Transport Bourassa","Fri Apr 25 2025 04:00:00 GMT+0000 (Coordinated Universal Time)","$875.00","$875.00","$850.00","$25.00","4579991","$0.00",,"KKW SR# 53354",,"2025-04-15"
"TRUX-DDS2J4-100766","Delivered","Doyon Després","Guilbault Transport","Tue Apr 15 2025 04:00:00 GMT+0000 (Coordinated Universal Time)","$309.20","$268.94","$220.29","$48.65","GU0706118","$0.00",,"1464900",,"2025-04-15"
"TRUX-JMC1B7-101502","Delivered","J.M. Clément Ltée","REGIONEX TRANSPORT","Tue Apr 15 2025 04:00:00 GMT+0000 (Coordinated Universal Time)","$168.23","$146.80","$105.00","$41.80","00369105-00","$0.00",,"1 palettes po 289794",,"2025-04-15"
"TRUX-DDS2J4-100765","Awaiting Carrier Invoice","Doyon Després","Guilbault Transport","Tue Apr 15 2025 04:00:00 GMT+0000 (Coordinated Universal Time)","$293.10","$254.92","$208.41","$46.51","GU0706069","$0.00",,"2156281",,"2025-04-15"
"TRUX-IAR1A8-100024","Delivered","Iris + Arlo","Transkid","Tue Apr 15 2025 04:00:00 GMT+0000 (Coordinated Universal Time)","$85.24","$74.38","$60.42","$13.96","570499","$0.00",,,,"2025-04-15"
"TRUX-SPR0J5-100383","Pickup Ready","Ship Pro Solutions","Transport Frontiere ","Wed Apr 16 2025 04:00:00 GMT+0000 (Coordinated Universal Time)","$223.50","$223.50","$195.00","$28.50",,"$0.00",,,,"2025-04-15"
"TRUX-SPR0J5-100382","Pickup Ready","Ship Pro Solutions","Transport Frontiere ","Tue Apr 15 2025 04:00:00 GMT+0000 (Coordinated Universal Time)","$295.00","$295.00","$260.00","$35.00",,"$0.00",,,,"2025-04-15"
"TRUX-JMC1B7-101501","In Transit","J.M. Clément Ltée","Minimax Express","Wed Apr 16 2025 04:00:00 GMT+0000 (Coordinated Universal Time)","$442.82","$386.42","$296.46","$89.96","2851013","$0.00",,"6 palette po 290505 -289113",,"2025-04-15"
"TRUX-JAM5A6-100036","In Transit","Jamec","Transkid","Thu Apr 17 2025 04:00:00 GMT+0000 (Coordinated Universal Time)","$186.23","$162.51","$130.01","$32.50","570489","$0.00",,"20556 + 20597",,"2025-04-15"
"TRUX-TPT1N8-100173","In Transit","TGWT Clean Technologies / Technologies Propres TGWT","CSA Transportation","Tue Apr 15 2025 04:00:00 GMT+0000 (Coordinated Universal Time)","$1,090.85","$1,090.85","$952.50","$138.35","C1357068","$0.00",,"SO/637038",,"2025-04-15"
"TRUX-IAR1A8-100023","Delivered","Iris + Arlo","Transkid","Wed Apr 16 2025 04:00:00 GMT+0000 (Coordinated Universal Time)","$86.28","$75.29","$61.16","$14.13","570400","$0.00",,"S01497",,"2025-04-15"
"TRUX-HPC1B1-101462","In Transit","Hart Print Canada","Transkid","Tue Apr 15 2025 04:00:00 GMT+0000 (Coordinated Universal Time)","$262.46","$228.28","$206.80","$21.48","570405","$0.00",,"MTLP2405448",,"2025-04-15"
"TRUX-APA1X7-100207","In Transit","A.P.A","JPS Logistique Inc (3PL)","Tue Apr 15 2025 04:00:00 GMT+0000 (Coordinated Universal Time)","$178.82","$170.30","$145.00","$25.30","PB225336-87366177","$0.00",,,,"2025-04-15"
"TRUX-HPC1B1-101460","In Transit","Hart Print Canada","Transport Inter-Nord","Tue Apr 15 2025 04:00:00 GMT+0000 (Coordinated Universal Time)","$269.62","$234.51","$212.63","$21.88",,"$0.00",,"MTLP2406362 MTLP2406431",,"2025-04-15"
"TRUX-HPC1B1-101459","Delivered","Hart Print Canada","Transkid","Tue Apr 15 2025 04:00:00 GMT+0000 (Coordinated Universal Time)","$147.07","$127.91","$113.00","$14.91","570477","$0.00",,"MTLP2405948",,"2025-04-15"
"TRUX-TPT1N8-100172","Awaiting Carrier Invoice","TGWT Clean Technologies / Technologies Propres TGWT","Labranche Transport","Tue Apr 15 2025 04:00:00 GMT+0000 (Coordinated Universal Time)","$121.20","$105.41","$88.08","$17.33","SHE1924095","$0.00",,"SO/637023",,"2025-04-15"
"TRUX-STE5K8-100032","Delivered","Sinopé Technologies","Transport Inter-Nord","Wed Apr 16 2025 04:00:00 GMT+0000 (Coordinated Universal Time)","$109.80","$95.81","$76.86","$18.95",,"$0.00",,"retour Guillevin",,"2025-04-15"
"TRUX-SEM4P2-100008","In Transit","Semican International","Vantage Logistics","Wed Apr 16 2025 08:00:00 GMT+0000 (Coordinated Universal Time)","$1,375.00","$1,375.00","$1,300.00","$75.00","VLLM4885","$0.00",,"CV251446",,"2025-04-15"
"TRUX-NET3A7-100036","Delivered","Netpak","Friends Enterprises","Tue Apr 15 2025 04:00:00 GMT+0000 (Coordinated Universal Time)","$1,327.75","$1,175.00","$1,150.00","$25.00",,"$0.00",,"SR# 53537/53538",,"2025-04-15"
"TRUX-HPC1B1-101457","Awaiting Carrier Invoice","Hart Print Canada","Guilbault Transport","Tue Apr 15 2025 04:00:00 GMT+0000 (Coordinated Universal Time)","$165.05","$143.55","$127.62","$15.93","GU0704922","$0.00",,"MTLP2406120",,"2025-04-15"
"TRUX-LIN1X1-100035","Pickup Ready","Lao, Inc.","Transkid","Mon May 05 2025 04:00:00 GMT+0000 (Coordinated Universal Time)","$125.75","$109.73","$83.02","$26.71","570353","$0.00",," L2365502",,"2025-04-15"
"TRUX-I301Y3-100005","In Transit","Ilo 307","Guilbault Transport","Tue Apr 15 2025 04:00:00 GMT+0000 (Coordinated Universal Time)","$187.49","$165.92","$155.92","$10.00","GU0704846","$0.00",,,,"2025-04-15"
"TRUX-DDS2J4-100764","Delivered","Doyon Després","JPS Logistique Inc (3PL)","Tue Apr 15 2025 04:00:00 GMT+0000 (Coordinated Universal Time)","$136.84","$121.10","$95.00","$26.10","PB225339-87376652","$0.00",,"DDRM 1470 / RMA 84123597 ",,"2025-04-14"
"TRUX-DJU2K6-100088","Delivered","Distribution Julia","JPS Logistique Inc (3PL)","Tue Apr 15 2025 04:00:00 GMT+0000 (Coordinated Universal Time)","$160.74","$142.25","$115.00","$27.25","PB225340-87366176","$0.00",,"F020715",,"2025-04-14"
"TRUX-HPC1B1-101456","In Transit","Hart Print Canada","JPS Logistique Inc (3PL)","Mon Apr 14 2025 04:00:00 GMT+0000 (Coordinated Universal Time)","$701.40","$620.71","$573.56","$47.15","PB225341-87379171","$0.00",,"MTLP2406023",,"2025-04-14"
"TRUX-DCO2B0-100039","Awaiting Carrier Invoice","Deflex Composite","Guilbault Transport","Tue Apr 15 2025 04:00:00 GMT+0000 (Coordinated Universal Time)","$173.50","$150.90","$120.90","$30.00","GU0704037","$0.00",,"MOULE USA",,"2025-04-14"
"TRUX-DIN2G3-100081","Awaiting Carrier Invoice","Dropship Inc.","Labranche Transport","Wed Apr 16 2025 04:00:00 GMT+0000 (Coordinated Universal Time)","$317.19","$275.88","$224.00","$51.88","QCRS1923805","$0.00",,"Aube Design",,"2025-04-14"
"TRUX-GME1Y1-100096","In Transit","GB Micro Electronics","Minimax Express","Mon Apr 14 2025 04:00:00 GMT+0000 (Coordinated Universal Time)","$249.77","$221.04","$155.43","$65.61","2850244","$0.00",,"KYNC 2150897342",,"2025-04-14"
"TRUX-GME1Y1-100095","In Transit","GB Micro Electronics","JPS Logistique Inc (3PL)","Tue Apr 15 2025 04:00:00 GMT+0000 (Coordinated Universal Time)","$438.17","$417.30","$310.00","$107.30","PB225331-87390140","$0.00",,"KYNC 1501353771",,"2025-04-14"
"TRUX-JMC1B7-101499","Delivered","J.M. Clément Ltée","REGIONEX TRANSPORT","Tue Apr 15 2025 04:00:00 GMT+0000 (Coordinated Universal Time)","$282.98","$246.93","$185.00","$61.93","00369089-00","$0.00",,"ABOND / 3PALETTES/289946",,"2025-04-14"
"TRUX-SEM4P2-100007","Delivered","Semican International","Minimax Express","Wed Apr 16 2025 04:00:00 GMT+0000 (Coordinated Universal Time)","$837.28","$740.95","$740.95","$0.00","2850125","$0.00",,"CV251431",,"2025-04-14"
"TRUX-DCO2B0-100038","Awaiting Carrier Invoice","Deflex Composite","Guilbault Transport","Tue Apr 15 2025 04:00:00 GMT+0000 (Coordinated Universal Time)","$134.67","$117.13","$87.13","$30.00","GU0703864","$0.00",,"LIVRAISON - 15/04",,"2025-04-14"
"TRUX-DDS2J4-100763","In Transit","Doyon Després","JPS Logistique Inc (3PL)","Mon Apr 14 2025 04:00:00 GMT+0000 (Coordinated Universal Time)","$297.38","$283.22","$232.39","$50.83","PB225198-87374542","$0.00",,"6036344",,"2025-04-14"
"TRUX-DDS2J4-100762","Delivered","Doyon Després","JPS Logistique Inc (3PL)","Mon Apr 14 2025 04:00:00 GMT+0000 (Coordinated Universal Time)","$186.82","$165.33","$132.48","$32.85","PB225199-87374541","$0.00",,"1471143",,"2025-04-14"
"TRUX-DMS1X7-100095","Awaiting Carrier Invoice","DMS","Guilbault Transport","Mon Apr 14 2025 04:00:00 GMT+0000 (Coordinated Universal Time)","$136.34","$118.97","$90.65","$28.32","GU0703386","$0.00",,,,"2025-04-14"
"TRUX-JMC1B7-101497","Delivered","J.M. Clément Ltée","Guilbault Transport","Mon Apr 14 2025 04:00:00 GMT+0000 (Coordinated Universal Time)","$292.53","$255.27","$191.66","$63.61","GU0703270","$0.00",,"3 PAL 42 BTES clement st-jérôme",,"2025-04-14"
"TRUX-JMC1B7-101495","Delivered","J.M. Clément Ltée","Guilbault Transport","Mon Apr 14 2025 04:00:00 GMT+0000 (Coordinated Universal Time)","$416.51","$363.45","$278.10","$85.35","GU0703256","$0.00",,"3 PAL 75 BTES clement joliette",,"2025-04-14"
"TRUX-GRI0B5-100338","Delivered","Groupe Ricochet Inc.","JPS Logistique Inc (3PL)","Mon Apr 14 2025 04:00:00 GMT+0000 (Coordinated Universal Time)","$213.81","$189.22","$142.16","$47.06","PB225173-86619657","$0.00",,"PO8030-0000314722",,"2025-04-14"
"TRUX-JMC1B7-101493","Delivered","J.M. Clément Ltée","Guilbault Transport","Mon Apr 14 2025 04:00:00 GMT+0000 (Coordinated Universal Time)","$323.64","$282.41","$213.35","$69.06","GU0703250","$0.00",,"3 PAL61 BTES clement centropolis",,"2025-04-14"
"TRUX-DIN2G3-100080","Awaiting Carrier Invoice","Dropship Inc.","Guilbault Transport","Wed Apr 16 2025 04:00:00 GMT+0000 (Coordinated Universal Time)","$168.99","$146.98","$108.91","$38.07","GU0703238","$0.00",,"146769",,"2025-04-14"
"TRUX-HPC1B1-101455","Awaiting Carrier Invoice","Hart Print Canada","Labranche Transport","Mon Apr 14 2025 04:00:00 GMT+0000 (Coordinated Universal Time)","$123.69","$107.58","$94.00","$13.58","QCRS1923594","$0.00",,"MTLP2405912",,"2025-04-14"
"TRUX-JMC1B7-101489","Awaiting Carrier Invoice","J.M. Clément Ltée","Guilbault Transport","Mon Apr 14 2025 04:00:00 GMT+0000 (Coordinated Universal Time)","$523.38","$464.49","$358.99","$105.50","GU0703219","$0.00",,"3PAL 65 BTES clement bayshore",,"2025-04-14"
"TRUX-NET3A7-100035","In Transit","Netpak","JPS Logistique Inc (3PL)","Wed Apr 16 2025 04:00:00 GMT+0000 (Coordinated Universal Time)","$3,669.75","$3,495.00","$3,495.00","$0.00","PB2251041 - PO 179637 / 179802","$0.00",,"Sofina EdmontonPO 179637, 179802",,"2025-04-14"
"TRUX-HPC1B1-101454","In Transit","Hart Print Canada","JPS Logistique Inc (3PL)","Mon Apr 14 2025 04:00:00 GMT+0000 (Coordinated Universal Time)","$303.44","$268.53","$244.42","$24.11","PB225174-87393863","$0.00",,"MTLP2405971",,"2025-04-14"
"TRUX-CRU1B0-100032","In Transit","Crusoé","JPS Logistique Inc (3PL)","Tue Apr 15 2025 04:00:00 GMT+0000 (Coordinated Universal Time)","$334.04","$296.45","$245.00","$51.45","PB225338-85834129","$0.00",,"#W1112",,"2025-04-14"
"TRUX-HPC1B1-101453","Awaiting Carrier Invoice","Hart Print Canada","Morneau","Mon Apr 14 2025 04:00:00 GMT+0000 (Coordinated Universal Time)","$252.10","$223.09","$201.95","$21.14","A11570719","$0.00",,"MTLL2408371",,"2025-04-14"
"TRUX-CRU1B0-100031","In Transit","Crusoé","JPS Logistique Inc (3PL)","Wed Apr 16 2025 04:00:00 GMT+0000 (Coordinated Universal Time)","$202.70","$193.26","$160.00","$33.26","PB225461-83698820","$0.00",,"#1486",,"2025-04-14"
"TRUX-JMC1B7-101487","Awaiting Carrier Invoice","J.M. Clément Ltée","Labranche Transport","Thu Apr 17 2025 04:00:00 GMT+0000 (Coordinated Universal Time)","$129.51","$113.01","$78.00","$35.01","QC1923469 / QC1925244","$0.00",,"BBLUV/1PALETTE/290468",,"2025-04-14"
"TRUX-HPC1B1-101452","Awaiting Carrier Invoice","Hart Print Canada","Labranche Transport","Mon Apr 14 2025 04:00:00 GMT+0000 (Coordinated Universal Time)","$112.62","$97.95","$85.00","$12.95","QCRS1923466","$0.00",,"MTLP2406179",,"2025-04-14"
"TRUX-IAR1A8-100022","In Transit","Iris + Arlo","CSA Transportation","Thu Apr 17 2025 04:00:00 GMT+0000 (Coordinated Universal Time)","$1,815.29","$1,730.75","$1,409.00","$321.75","C1356425","$0.00",,,,"2025-04-11"
"TRUX-NET3A7-100034","Delivered","Netpak","Polaris Transportation Group","Mon Apr 14 2025 04:00:00 GMT+0000 (Coordinated Universal Time)","$529.80","$529.80","$504.80","$25.00","P2928777","$0.00",,"SR# 53465",,"2025-04-11"
"TRUX-HPC1B1-101451","In Transit","Hart Print Canada","JPS Logistique Inc (3PL)","Mon Apr 14 2025 04:00:00 GMT+0000 (Coordinated Universal Time)","$969.14","$857.65","$795.00","$62.65","PB225024-NISHAN","$0.00",,"MTLP2405901",,"2025-04-11"
"TRUX-HPC1B1-101450","In Transit","Hart Print Canada","JPS Logistique Inc (3PL)","Fri Apr 11 2025 04:00:00 GMT+0000 (Coordinated Universal Time)","$684.32","$651.73","$602.55","$49.18","PB225053-86637144","$0.00",,"MTLP2404588",,"2025-04-11"
"TRUX-DDS2J4-100760","Delivered","Doyon Després","Minimax Express","Mon Apr 14 2025 04:00:00 GMT+0000 (Coordinated Universal Time)","$426.17","$377.14","$311.98","$65.16","2849321","$0.00",,"1434454",,"2025-04-11"
"TRUX-DDS2J4-100758","Delivered","Doyon Després","JPS Logistique Inc (3PL)","Fri Apr 11 2025 04:00:00 GMT+0000 (Coordinated Universal Time)","$186.72","$162.40","$130.00","$32.40","PB225049-87374540","$0.00",,"1470560",,"2025-04-11"
"TRUX-QCI7J2-100018","In Transit","Quinco & Cie Inc","JPS Logistique Inc (3PL)","Mon Apr 14 2025 04:00:00 GMT+0000 (Coordinated Universal Time)","$264.86","$252.25","$215.00","$37.25","PB225186-86619109","$0.00",,"FBA18W7C5Z7H",,"2025-04-11"
"TRUX-JMC1B7-101485","Delivered","J.M. Clément Ltée","JPS Logistique Inc (3PL)","Mon Apr 14 2025 04:00:00 GMT+0000 (Coordinated Universal Time)","$239.95","$209.38","$155.00","$54.38","PB225008-83497740","$0.00",,"REEBOK/1PAL/283860/283861",,"2025-04-11"
"TRUX-JMC1B7-101484","Delivered","J.M. Clément Ltée","Guilbault Transport","Fri Apr 11 2025 04:00:00 GMT+0000 (Coordinated Universal Time)","$361.93","$315.83","$240.06","$75.77","GU0700941","$0.00",,"023 3 PAL 67 BTES",,"2025-04-11"
"TRUX-JMC1B7-101482","Delivered","J.M. Clément Ltée","Guilbault Transport","Fri Apr 11 2025 04:00:00 GMT+0000 (Coordinated Universal Time)","$297.40","$259.51","$195.06","$64.45","GU0700925","$0.00",,"036 3 PAL 57 BTES",,"2025-04-11"
"TRUX-JMC1B7-101481","Delivered","J.M. Clément Ltée","Guilbault Transport","Fri Apr 11 2025 04:00:00 GMT+0000 (Coordinated Universal Time)","$327.92","$286.15","$216.34","$69.81","GU0700962","$0.00",,"031 3 PAL 72 BTES",,"2025-04-11"
"TRUX-HPC1B1-101449","Delivered","Hart Print Canada","Minimax Express","Fri Apr 11 2025 04:00:00 GMT+0000 (Coordinated Universal Time)","$311.77","$275.90","$251.31","$24.59","2849049","$0.00",,"MTLP2405774",,"2025-04-11"
"TRUX-HPC1B1-101448","In Transit","Hart Print Canada","Transkid","Fri Apr 11 2025 04:00:00 GMT+0000 (Coordinated Universal Time)","$384.78","$334.66","$306.22","$28.44","569752","$0.00",,"MTLP2406048",,"2025-04-11"
"TRUX-AUT2P8-100523","In Transit","Autruche","JPS Logistique Inc (3PL)","Fri Apr 11 2025 04:00:00 GMT+0000 (Coordinated Universal Time)","$499.50","$499.50","$445.00","$54.50","PB224929 - C1356024","$0.00",,,,"2025-04-11"
"TRUX-STE5K8-100031","Delivered","Sinopé Technologies","Transport Inter-Nord","Mon Apr 14 2025 04:00:00 GMT+0000 (Coordinated Universal Time)","$90.57","$79.03","$62.64","$16.39",,"$0.00",,"26587",,"2025-04-10"
"TRUX-PRO0B5-100030","In Transit","ProXpedition","Minimax Express","Mon Apr 14 2025 04:00:00 GMT+0000 (Coordinated Universal Time)","$141.46","$123.45","$100.28","$23.17","2848502","$0.00",,"1490",,"2025-04-10"
"TRUX-DDS2J4-100757","In Transit","Doyon Després","JPS Logistique Inc (3PL)","Fri Apr 11 2025 04:00:00 GMT+0000 (Coordinated Universal Time)","$200.28","$174.20","$140.00","$34.20","PB225044-85717886","$0.00",,"PO 133639",,"2025-04-10"
"TRUX-APA1X7-100205","In Transit","A.P.A","JPS Logistique Inc (3PL)","Thu Apr 10 2025 04:00:00 GMT+0000 (Coordinated Universal Time)","$328.44","$312.80","$270.00","$42.80","PB224946-86618361","$0.00",,,,"2025-04-10"
"TRUX-JMC1B7-101478","Delivered","J.M. Clément Ltée","JPS Logistique Inc (3PL)","Thu Apr 10 2025 04:00:00 GMT+0000 (Coordinated Universal Time)","$261.46","$228.15","$170.00","$58.15","PB224937-85399170","$0.00",,"VANS/1PALETTE/283461/283469",,"2025-04-10"
"TRUX-JMC1B7-101477","Delivered","J.M. Clément Ltée","JPS Logistique Inc (3PL)","Thu Apr 10 2025 04:00:00 GMT+0000 (Coordinated Universal Time)","$268.64","$234.41","$175.00","$59.41","PB224928-85742725","$0.00",,"PEREGO/2PALETTES/290504/15BOÎTES",,"2025-04-09"
"TRUX-CRU1B0-100030","In Transit","Crusoé","JPS Logistique Inc (3PL)","Tue Apr 15 2025 04:00:00 GMT+0000 (Coordinated Universal Time)","$293.13","$260.15","$215.00","$45.15","PB225337-85834130","$0.00",,"W1109",,"2025-04-09"
"TRUX-HPC1B1-101438","In Transit","Hart Print Canada","JPS Logistique Inc (3PL)","Tue Apr 08 2025 04:00:00 GMT+0000 (Coordinated Universal Time)","$632.45","$602.33","$556.38","$45.95","PB224784-87384363","$0.00",,"MTLP2406453",,"2025-04-09"
"TRUX-HPC1B1-101437","Delivered","Hart Print Canada","Morneau","Wed Apr 09 2025 04:00:00 GMT+0000 (Coordinated Universal Time)","$246.81","$218.41","$197.58","$20.83","A11562520","$0.00",,"MTLP2401487",,"2025-04-09"
"TRUX-NET3A7-100029","Awaiting Carrier Invoice","Netpak","Friends Enterprises","Thu Apr 10 2025 04:00:00 GMT+0000 (Coordinated Universal Time)","$1,327.75","$1,175.00","$1,150.00","$25.00","124214","$0.00",,"SR 53490 / PO# 2026-00109/00110",,"2025-04-08"
"TRUX-JMC1B7-101472","In Transit","J.M. Clément Ltée","JPS Logistique Inc (3PL)","Wed Apr 09 2025 04:00:00 GMT+0000 (Coordinated Universal Time)","$569.83","$497.24","$385.00","$112.24","PB224790-85550517","$0.00",,"OYACO/2PALETTES/289097/290586",,"2025-04-08"
"TRUX-GAC1R7-100079","In Transit","Gloco Accents","JPS Logistique Inc (3PL)","Wed Apr 09 2025 04:00:00 GMT+0000 (Coordinated Universal Time)","$281.61","$268.20","$235.00","$33.20","PB224779-83680193","$0.00",,,,"2025-04-08"
"TRUX-GME1Y1-100093","In Transit","GB Micro Electronics","JPS Logistique Inc (3PL)","Wed Apr 09 2025 04:00:00 GMT+0000 (Coordinated Universal Time)","$178.43","$157.90","$110.00","$47.90","PB224778-87368542","$0.00",,"1660299/300/302-1654379",,"2025-04-08"
"TRUX-NET3A7-100028","Delivered","Netpak","Friends Enterprises","Tue Apr 08 2025 04:00:00 GMT+0000 (Coordinated Universal Time)","$1,101.75","$975.00","$950.00","$25.00",,"$0.00",,,,"2025-04-08"
"TRUX-HPC1B1-101436","Delivered","Hart Print Canada","Guilbault Transport","Tue Apr 08 2025 04:00:00 GMT+0000 (Coordinated Universal Time)","$201.37","$178.20","$160.00","$18.20","GU0694003","$0.00",,"MTLP2405909",,"2025-04-08"
"TRUX-TPT1N8-100171","In Transit","TGWT Clean Technologies / Technologies Propres TGWT","JPS Logistique Inc (3PL)","Thu Apr 10 2025 04:00:00 GMT+0000 (Coordinated Universal Time)","$1,710.98","$1,629.50","$1,425.00","$204.50","PB224935-87366622","$0.00",,"SO/637012",,"2025-04-07"
"TRUX-DDS2J4-100755","Delivered","Doyon Després","Guilbault Transport","Mon Apr 07 2025 04:00:00 GMT+0000 (Coordinated Universal Time)","$334.60","$291.02","$239.00","$52.02","GU0692473","$0.00",,"1469262",,"2025-04-07"
"TRUX-NOV4T7-100016","Awaiting Carrier Invoice","NovEnviro","Minimax Express","Mon Apr 07 2025 04:00:00 GMT+0000 (Coordinated Universal Time)","$908.99","$793.20","$636.00","$157.20","2845959","$0.00",,"Devis 2088",,"2025-04-07"
"TRUX-AUT2P8-100522","Delivered","Autruche","JPS Logistique Inc (3PL)","Mon Apr 07 2025 04:00:00 GMT+0000 (Coordinated Universal Time)","$427.71","$378.50","$335.00","$43.50","87393841-PB224536","$0.00",,,,"2025-04-07"
"TRUX-JMC1B7-101454","Delivered","J.M. Clément Ltée","JPS Logistique Inc (3PL)","Mon Apr 07 2025 04:00:00 GMT+0000 (Coordinated Universal Time)","$192.51","$167.99","$115.00","$52.99","85958722-PB224572","$0.00",,"DR MARTEN'S /1PALETTE/283066/068",,"2025-04-04"
"TRUX-DJU2K6-100087","In Transit","Distribution Julia","JPS Logistique Inc (3PL)","Mon Apr 07 2025 04:00:00 GMT+0000 (Coordinated Universal Time)","$203.70","$194.00","$160.00","$34.00","86617516-PB224544","$0.00",,"F020645",,"2025-04-04"
"TRUX-SEM4P2-100004","Delivered","Semican International","Vantage Logistics","Wed Apr 09 2025 04:00:00 GMT+0000 (Coordinated Universal Time)","$2,305.74","$2,305.74","$2,200.00","$105.74",,"$0.00",,"CV251370",,"2025-04-04"
"TRUX-JMC1B7-101449","Delivered","J.M. Clément Ltée","JPS Logistique Inc (3PL)","Mon Apr 07 2025 04:00:00 GMT+0000 (Coordinated Universal Time)","$199.86","$174.40","$120.00","$54.40","86916853-PB","$0.00",,"RYMAX/MILLY STONE/1PAL/290418",,"2025-04-04"
"TRUX-APA1X7-100203","Delivered","A.P.A","JPS Logistique Inc (3PL)","Thu Apr 03 2025 04:00:00 GMT+0000 (Coordinated Universal Time)","$190.79","$181.70","$155.00","$26.70","pb224256-87365936","$0.00",,,,"2025-04-03"
"TRUX-APA1X7-100200","Delivered","A.P.A","DD Express - TruxShare","Thu Apr 10 2025 08:00:00 GMT+0000 (Coordinated Universal Time)","$81.78","$71.12","$58.00","$13.12",,"$0.00",,,,"2025-04-03"
"TRUX-DGF2Z2-100050","Delivered","DO-GREE FASHIONS","Morneau","Mon Apr 07 2025 04:00:00 GMT+0000 (Coordinated Universal Time)","$140.63","$124.45","$99.52","$24.93","A11552120","$0.00",,"2825808",,"2025-04-03"
"TRUX-DMS1X7-100094","Awaiting Carrier Invoice","DMS","Transport Inter-Nord","Thu Apr 03 2025 04:00:00 GMT+0000 (Coordinated Universal Time)","$111.20","$97.04","$72.53","$24.51","2413720","$0.00",,,,"2025-04-03"
"TRUX-APA1X7-100199","In Transit","A.P.A","JPS Logistique Inc (3PL)","Thu Apr 03 2025 04:00:00 GMT+0000 (Coordinated Universal Time)","$214.73","$204.50","$175.00","$29.50","PB224257-87365937","$0.00",,,,"2025-04-02"
"TRUX-HPC1B1-101406","Delivered","Hart Print Canada","JPS Logistique Inc (3PL)","Wed Apr 02 2025 04:00:00 GMT+0000 (Coordinated Universal Time)","$445.89","$424.65","$390.33","$34.32","PB224101-87374982","$0.00",,"MTLP2405421",,"2025-04-02"
"TRUX-HPC1B1-101405","In Transit","Hart Print Canada","JPS Logistique Inc (3PL)","Wed Apr 02 2025 04:00:00 GMT+0000 (Coordinated Universal Time)","$582.80","$555.05","$512.20","$42.85","PB224099-87374981","$0.00",,"MTLP2406204",,"2025-04-02"
"TRUX-IAR1A8-100015","In Transit","Iris + Arlo","JPS Logistique Inc (3PL)","Wed Apr 02 2025 04:00:00 GMT+0000 (Coordinated Universal Time)","$287.95","$274.54","$180.00","$94.54","PB224102-86619291","$0.00",,,,"2025-04-02"
"TRUX-HPC1B1-101402","In Transit","Hart Print Canada","Morneau","Wed Apr 02 2025 04:00:00 GMT+0000 (Coordinated Universal Time)","$588.97","$512.15","$459.23","$52.92","A11547457 ","$0.00",,"MTLP2405572",,"2025-04-01"
"TRUX-HPC1B1-101401","In Transit","Hart Print Canada","Morneau","Wed Apr 02 2025 04:00:00 GMT+0000 (Coordinated Universal Time)","$387.46","$336.92","$299.93","$36.99","A11547394","$0.00",,"MTLP2405573",,"2025-04-01"
"TRUX-JFI5T6-100001","Delivered","JAS Filtration","Morneau","Thu Apr 03 2025 04:00:00 GMT+0000 (Coordinated Universal Time)","$240.48","$209.84","$195.55","$14.29","A11547264","$0.00",,,,"2025-04-01"
"TRUX-DDS2J4-100743","Delivered","Doyon Després","Morneau","Tue Mar 25 2025 04:00:00 GMT+0000 (Coordinated Universal Time)","$260.26","$226.36","$184.20","$42.16","A11535215","$0.00",,"2155713",,"2025-03-25"
"TRUX-TSH0W8-100035","Awaiting Carrier Invoice","BFF Manufacturing","TransPlus","Wed Mar 26 2025 04:00:00 GMT+0000 (Coordinated Universal Time)","$90.40","$80.00","$75.00","$5.00","V2250451","$0.00",,"TOPZ - SPR",,"2025-03-25"
"TRUX-APA1X7-100192","Delivered","A.P.A","DD Express - TruxShare","Tue Mar 25 2025 08:00:00 GMT+0000 (Coordinated Universal Time)","$123.72","$107.60","$90.00","$17.60",,"$0.00",,,,"2025-03-24"
"TRUX-AUT2P8-100518","Delivered","Autruche","DD Express - TruxShare","Tue Mar 25 2025 08:00:00 GMT+0000 (Coordinated Universal Time)","$89.91","$78.20","$62.00","$16.20",,"$0.00",,,,"2025-03-24"
"TRUX-JMC1B7-101389","Delivered","J.M. Clément Ltée","Friends Enterprises","Sun Apr 13 2025 04:00:00 GMT+0000 (Coordinated Universal Time)","$3,415.21","$2,979.43","$2,650.00","$329.43",,"$0.00",,"SALONMAT/TORONTO/2CAMIONS53'",,"2025-03-21"
"TRUX-JMC1B7-101387","Delivered","J.M. Clément Ltée","Friends Enterprises","Wed Apr 09 2025 08:00:00 GMT+0000 (Coordinated Universal Time)","$2,605.41","$2,311.61","$2,000.00","$311.61",,"$0.00",,"SALONMAT/TORONTO/2CAMIONS53'",,"2025-03-21"
"TRUX-HPC1B1-101355","Delivered","Hart Print Canada","DD Express - TruxShare","Thu Mar 20 2025 04:00:00 GMT+0000 (Coordinated Universal Time)","$88.04","$76.58","$62.00","$14.58",,"$0.00",,"MTLP2404256",,"2025-03-20"
"TRUX-APA1X7-100188","Awaiting Carrier Invoice","A.P.A","Transport Inter-Nord","Wed Mar 19 2025 04:00:00 GMT+0000 (Coordinated Universal Time)","$101.12","$87.95","$72.76","$15.19",,"$0.00",,,,"2025-03-19"
"TRUX-HPC1B1-101340","Delivered","Hart Print Canada","DD Express - TruxShare","Wed Mar 19 2025 08:00:00 GMT+0000 (Coordinated Universal Time)","$167.43","$145.63","$125.35","$20.28",,"$0.00",,"MTLP2403595",,"2025-03-18"
"TRUX-OCA1P1-100005","Delivered","Oleka Canvas","DD Express - TruxShare","Fri Mar 14 2025 04:00:00 GMT+0000 (Coordinated Universal Time)","$75.77","$66.12","$49.58","$16.54",,"$0.00",,,,"2025-03-12"
"TRUX-LIN1X1-100032","Awaiting Carrier Invoice","Lao, Inc.","Labranche Transport","Wed Apr 16 2025 04:00:00 GMT+0000 (Coordinated Universal Time)","$173.62","$151.51","$114.40","$37.11","MTLRS1909663","$0.00",,"CHFAWEST2025-LAO#1052",,"2025-03-12"
"TRUX-DMS1X7-100084","Delivered","DMS","Guilbault Transport","Tue Mar 04 2025 05:00:00 GMT+0000 (Coordinated Universal Time)","$240.23","$209.63","$173.34","$36.29","GU0636842","$0.00",,,,"2025-03-04"
"TRUX-JMC1B7-101206","Awaiting Carrier Invoice","J.M. Clément Ltée","REGIONEX TRANSPORT","Tue Feb 11 2025 05:00:00 GMT+0000 (Coordinated Universal Time)","$165.47","$144.39","$105.00","$39.39","00368443-00","$0.00",,"PIERREBEL/1PAL/288798/289439",,"2025-02-10"
"TRUX-HPC1B1-101049","Awaiting Carrier Invoice","Hart Print Canada","Transkid","Fri Dec 20 2024 05:00:00 GMT+0000 (Coordinated Universal Time)","$280.04","$243.56","$213.00","$30.56","546898","$0.00",,"MTLP2400121/ MTLP2400116",,"2024-12-20"